symbol,Period Start,Period End,Return,Earnings Per Share
AAL,2012-12-31,2013-12-31,0.00319901446511,-11.25
AAL,2013-12-31,2014-12-31,0.00442360154807,4.02
AAL,2014-12-31,2015-12-31,-0.000850918638648,11.39
AAP,2012-12-29,2013-12-28,0.00206884974483,5.36
AAP,2013-12-28,2015-01-03,0.00175027238998,6.75
AAP,2015-01-03,2016-01-02,-0.000151754609017,6.45
AAPL,2013-09-28,2014-09-27,0.00190950959893,6.49
AAPL,2014-09-27,2015-09-26,0.000581034083789,9.28
AAPL,2015-09-26,2016-09-24,9.56674884232e-06,8.35
ABBV,2012-12-31,2013-12-31,0.00199881613422,2.58
ABBV,2013-12-31,2014-12-31,0.00102756264619,1.11
ABBV,2014-12-31,2015-12-31,-0.000400498973814,3.15
ABC,2013-09-30,2014-09-30,0.000941253772636,1.22
ABC,2014-09-30,2015-09-30,0.000946916545211,-0.62
ABC,2015-09-30,2016-09-30,-0.000574212098327,6.73
ABT,2012-12-31,2013-12-31,0.000777555307424,1.64
ABT,2013-12-31,2014-12-31,0.000704798442177,1.5
ABT,2014-12-31,2015-12-31,8.8362141219e-07,2.94
ADBE,2013-11-29,2014-11-28,0.00118763863476,0.54
ADBE,2014-11-28,2015-11-27,0.000995070457154,1.26
ADI,2013-11-02,2014-11-01,3.72796041222e-05,0.35
ADI,2014-11-01,2015-10-31,0.000833351853313,0.31
ADI,2015-10-31,2016-10-29,0.000210625776642,0.96
ADM,2012-12-31,2013-12-31,0.00203879975197,2.03
ADM,2013-12-31,2014-12-31,0.000831680824706,3.44
ADM,2014-12-31,2015-12-31,-0.00117018484954,2.99
ADS,2012-12-31,2013-12-31,0.00303237027423,10.09
ADS,2013-12-31,2014-12-31,0.00035864630356,8.72
ADS,2014-12-31,2015-12-31,-0.00012236951296,8.91
ADSK,2013-01-31,2014-01-31,0.00125447384622,1.02
ADSK,2014-01-31,2015-01-31,0.000377972869136,0.36
ADSK,2015-01-31,2016-01-31,-0.000537392126607,-1.46
AEE,2012-12-31,2013-12-31,0.000613229540433,1.19
AEE,2013-12-31,2014-12-31,0.0011838868895,2.42
AEE,2014-12-31,2015-12-31,-0.000238147171398,2.6
AEP,2012-12-31,2013-12-31,0.000280914185569,3.04
AEP,2013-12-31,2014-12-31,0.00125507964756,3.34
AFL,2012-12-31,2013-12-31,0.000934268261894,6.8
AFL,2013-12-31,2014-12-31,-0.000292986554732,6.54
AFL,2014-12-31,2015-12-31,-7.66624022465e-05,5.88
AIG,2012-12-31,2013-12-31,0.00158490834291,6.16
AIG,2013-12-31,2014-12-31,0.000414745463976,5.27
AIG,2014-12-31,2015-12-31,0.000414435356256,1.69
AIV,2012-12-31,2013-12-31,-0.0002116790117,1.4
AIV,2013-12-31,2014-12-31,0.00172146594132,2.06
AIV,2014-12-31,2015-12-31,0.000224124141362,1.52
AIZ,2013-12-31,2014-12-31,0.000188935545641,6.52
AIZ,2014-12-31,2015-12-31,0.00074774415362,2.08
AJG,2013-12-31,2014-12-31,7.99669779099e-05,1.98
AJG,2014-12-31,2015-12-31,-0.000510180032706,2.07
AKAM,2012-12-31,2013-12-31,0.000472500828288,1.65
AKAM,2013-12-31,2014-12-31,0.00140121242423,1.87
AKAM,2014-12-31,2015-12-31,-0.000666290168768,1.8
ALB,2012-12-31,2013-12-31,-5.61606036648e-05,4.93
ALB,2013-12-31,2014-12-31,-0.000189173846961,1.69
ALB,2014-12-31,2015-12-31,-0.000282929923484,3.01
ALK,2012-12-31,2013-12-31,0.0026578455352,7.26
ALK,2013-12-31,2014-12-31,0.00251282963946,4.47
ALK,2014-12-31,2015-12-31,0.0013273555847,6.61
ALL,2012-12-31,2013-12-31,0.00128997186743,4.87
ALL,2013-12-31,2014-12-31,0.00123753214707,6.37
ALL,2014-12-31,2015-12-31,-0.000454436536032,5.12
ALLE,2013-12-31,2014-12-31,0.00107365556273,1.82
ALLE,2014-12-31,2015-12-31,0.000783558900095,1.6
ALXN,2013-12-31,2014-12-31,0.00153418920301,3.32
ALXN,2014-12-31,2015-12-31,8.82541780772e-05,0.68
AMAT,2013-10-27,2014-10-26,0.000732546407714,0.88
AMAT,2014-10-26,2015-10-25,-0.000871040511219,1.13
AMAT,2015-10-25,2016-10-30,0.00294942207593,1.56
AME,2012-12-31,2013-12-31,0.00143945412375,2.12
AME,2013-12-31,2014-12-31,4.11376677119e-05,2.39
AME,2014-12-31,2015-12-31,7.31510906616e-05,2.46
AMG,2012-12-31,2013-12-31,0.0024139106753,6.79
AMG,2013-12-31,2014-12-31,-2.12007189887e-05,8.22
AMG,2014-12-31,2015-12-31,-0.00095552643313,9.49
AMGN,2013-12-31,2014-12-31,0.00149032228779,6.8
AMGN,2014-12-31,2015-12-31,6.05575811362e-05,9.15
AMP,2012-12-31,2013-12-31,0.00302542921107,6.56
AMP,2013-12-31,2014-12-31,0.00064011976837,8.45
AMP,2014-12-31,2015-12-31,-0.000771179305877,8.6
AMT,2012-12-31,2013-12-31,3.86533021484e-05,1.4
AMT,2013-12-31,2014-12-31,0.0009689632959,2.02
AMT,2014-12-31,2015-12-31,-0.00010829391972,1.42
AMZN,2013-12-31,2014-12-31,-0.000873679905479,-0.52
AMZN,2014-12-31,2015-12-31,0.00472519647177,1.28
AN,2013-12-31,2014-12-31,0.0008962392762,3.57
AN,2014-12-31,2015-12-31,-2.51155971198e-05,3.93
ANTM,2012-12-31,2013-12-31,0.00204991727592,8.34
ANTM,2013-12-31,2014-12-31,0.00153423400219,9.31
ANTM,2014-12-31,2015-12-31,0.000442182391385,9.73
AON,2012-12-31,2013-12-31,0.00182831265944,3.57
AON,2013-12-31,2014-12-31,0.000600827226221,4.73
AON,2014-12-31,2015-12-31,-8.91838242245e-05,4.93
APA,2012-12-31,2013-12-31,0.000255572665582,5.53
APA,2013-12-31,2014-12-31,-0.00105891307534,-14.06
APA,2014-12-31,2015-12-31,-0.00120359389607,-61.2
APC,2013-12-31,2014-12-31,0.000199018953277,-3.47
APC,2014-12-31,2015-12-31,-0.00162559042017,-13.18
APD,2013-09-30,2014-09-30,0.00085470637721,4.66
APD,2014-09-30,2015-09-30,3.45120757001e-05,5.95
APD,2015-09-30,2016-09-30,0.000644238131804,2.92
APH,2012-12-31,2013-12-31,0.00122987879456,4.0
APH,2013-12-31,2014-12-31,0.000899121342149,2.26
APH,2014-12-31,2015-12-31,-0.000104310854424,2.47
ARNC,2012-12-31,2013-12-31,0.000723908718248,-2.14
ARNC,2013-12-31,2014-12-31,0.00198224310128,0.21
ARNC,2014-12-31,2015-12-31,-0.00150183905542,-0.31
ATVI,2012-12-31,2013-12-31,0.00249329564398,0.96
ATVI,2013-12-31,2014-12-31,0.000456777435195,1.14
ATVI,2014-12-31,2015-12-31,0.00366270056596,1.21
AVB,2012-12-31,2013-12-31,-0.000519259760944,2.78
AVB,2013-12-31,2014-12-31,0.00151527971639,5.22
AVB,2014-12-31,2015-12-31,0.000438444251572,5.54
AVY,2012-12-31,2013-12-28,0.00169109357384,2.19
AVY,2013-12-28,2015-01-03,0.000123403433537,2.65
AVY,2015-01-03,2016-01-02,0.000896511514057,3.01
AWK,2012-12-31,2013-12-31,0.000444861946533,2.08
AWK,2013-12-31,2014-12-31,0.00111851665142,2.36
AWK,2014-12-31,2015-12-31,0.000427429735841,2.66
AXP,2012-12-31,2013-12-31,0.00216008125633,4.91
AYI,2013-08-31,2014-08-31,0.00186155753629,4.07
AYI,2014-08-31,2015-08-31,0.00221463266285,5.13
AYI,2015-08-31,2016-08-31,0.00171172311535,6.67
AZO,2013-08-31,2014-08-30,0.00113022290638,32.16
AZO,2014-08-30,2015-08-29,0.0014095252931,36.76
AZO,2015-08-29,2016-08-27,0.000208554079738,41.52
BA,2013-12-31,2014-12-31,-0.000194246194283,7.47
BA,2014-12-31,2015-12-31,0.000447058372206,7.52
BAC,2012-12-31,2013-12-31,0.00116771563156,0.94
BAC,2013-12-31,2014-12-31,0.000441190722666,0.36
BAX,2012-12-31,2013-12-31,0.000111451272302,3.7
BAX,2013-12-31,2014-12-31,0.000235147293968,4.61
BAX,2014-12-31,2015-12-31,-0.000166494927826,1.78
BBBY,2013-03-02,2014-03-01,0.000777155694403,4.85
BBBY,2014-03-01,2015-02-28,0.000399228485398,5.13
BBBY,2015-02-28,2016-02-27,-0.00140471531109,5.15
BBT,2012-12-31,2013-12-31,0.000956762263713,2.22
BBT,2013-12-31,2014-12-31,0.000228792342792,2.79
BBT,2014-12-31,2015-12-31,-8.62441689288e-05,2.59
BBY,2012-03-03,2014-02-01,-9.28124278292e-05,1.56
BBY,2014-02-01,2015-01-31,0.00209478531474,3.53
BBY,2015-01-31,2016-01-30,-0.000802053530082,2.59
BCR,2013-12-31,2014-12-31,0.00104722389201,3.83
BCR,2014-12-31,2015-12-31,0.000520318145651,1.8
BDX,2013-09-30,2014-09-30,0.000506844972894,6.13
BDX,2014-09-30,2015-09-30,0.000665800579014,3.43
BDX,2015-09-30,2016-09-30,0.00142147750799,4.59
BHI,2013-12-31,2014-12-31,0.000146782096107,3.93
BHI,2014-12-31,2015-12-31,-0.000707884819381,-4.49
BIIB,2013-12-31,2014-12-31,0.000836882548029,12.42
BIIB,2014-12-31,2015-12-31,-0.000413753832471,15.38
BK,2012-12-31,2013-12-31,0.00118988572076,1.75
BK,2013-12-31,2014-12-31,0.000690081067444,2.17
BK,2014-12-31,2015-12-31,7.45398177687e-05,2.73
BLL,2012-12-31,2013-12-31,0.000483429081728,2.79
BLL,2013-12-31,2014-12-31,0.00129367688332,3.39
BLL,2014-12-31,2015-12-31,0.000256766255226,2.05
BMY,2012-12-31,2013-12-31,0.00247970423404,1.56
BMY,2013-12-31,2014-12-31,0.000513208204652,1.21
BMY,2014-12-31,2015-12-31,0.000618810451483,0.94
BSX,2012-12-31,2013-12-31,0.00412994852723,-0.09
BSX,2013-12-31,2014-12-31,0.00044647021977,-0.09
BSX,2014-12-31,2015-12-31,0.00156689029369,-0.18
BWA,2013-12-31,2014-12-31,7.22433143664e-07,2.89
BWA,2014-12-31,2015-12-31,-0.000834391842205,2.72
BXP,2012-12-31,2013-12-31,-0.000233667421332,4.87
BXP,2013-12-31,2014-12-31,0.00111865325555,2.83
BXP,2014-12-31,2015-12-31,-0.000112462909605,3.79
C,2012-12-31,2013-12-31,0.00104473314093,4.35
C,2013-12-31,2014-12-31,0.000139689903766,2.21
C,2014-12-31,2015-12-31,-0.000183566345207,5.41
CAG,2013-05-26,2014-05-25,-0.000383827753596,0.72
CAG,2014-05-25,2015-05-31,0.000876015861084,-0.6
CAG,2015-05-31,2016-05-29,0.00065542040472,-1.57
CAH,2013-06-30,2014-06-30,0.00174856645887,3.42
CAH,2014-06-30,2015-06-30,0.000799692571205,3.66
CAH,2015-06-30,2016-06-30,-0.000322905370752,4.36
CAT,2013-12-31,2014-12-31,7.3297935845e-05,5.99
CAT,2014-12-31,2015-12-31,-0.00103309349242,3.54
CB,2012-12-31,2013-12-31,0.00105477237167,11.02
CB,2013-12-31,2014-12-31,0.000514273243308,8.5
CB,2014-12-31,2015-12-31,8.35675989457e-05,8.71
CBG,2012-12-31,2013-12-31,0.00115773180143,0.96
CBG,2013-12-31,2014-12-31,0.00119168143086,1.47
CBG,2014-12-31,2015-12-31,-1.03007500643e-05,1.64
CCI,2012-12-31,2013-12-31,-8.82420288543e-05,0.26
CCI,2013-12-31,2014-12-31,0.000391673275591,1.04
CCI,2014-12-31,2015-12-31,0.000346367274628,4.44
CCL,2013-11-30,2014-11-30,0.000892217996319,1.59
CCL,2014-11-30,2015-11-30,0.000762009626412,2.26
CELG,2013-12-31,2014-12-31,0.00119504587697,2.49
CELG,2014-12-31,2015-12-31,0.000218128305652,2.02
CERN,2013-12-28,2015-01-03,0.000651953845085,1.54
CERN,2015-01-03,2016-01-02,-0.000248344327205,1.57
CF,2012-12-31,2013-12-31,0.000494021173204,24.87
CF,2013-12-31,2014-12-31,0.000659705926234,27.16
CF,2014-12-31,2015-12-31,-0.00105453602712,2.97
CFG,2014-12-31,2015-12-31,0.000229184456497,1.55
CHD,2012-12-31,2013-12-31,0.000852418030041,2.85
CHD,2013-12-31,2014-12-31,0.000806373318793,3.06
CHD,2014-12-31,2015-12-31,0.000290506961771,3.13
CHK,2012-12-31,2013-12-31,0.00251960206662,0.73
CHK,2013-12-31,2014-12-31,-0.000884659877569,1.93
CHK,2014-12-31,2015-12-31,-0.00306455240666,-22.43
CHRW,2012-12-31,2013-12-31,-0.000302205660605,2.65
CHRW,2013-12-31,2014-12-31,0.00117153392027,3.06
CHRW,2014-12-31,2015-12-31,-0.000635221405372,3.52
CHTR,2013-12-31,2014-12-31,0.000938175839414,-1.7
CHTR,2014-12-31,2015-12-31,0.000397469494805,-2.43
CI,2012-12-31,2013-12-31,0.00232512654385,5.28
CI,2013-12-31,2014-12-31,0.000769252365372,7.97
CI,2014-12-31,2015-12-31,0.00167868369407,8.17
CINF,2012-12-31,2013-12-31,0.00124412279527,3.16
CINF,2013-12-31,2014-12-31,2.93088522232e-05,3.21
CINF,2014-12-31,2015-12-31,0.000581282455221,3.87
CL,2012-12-31,2013-12-31,0.0008999586584,2.41
CL,2013-12-31,2014-12-31,0.000301784712771,2.38
CL,2014-12-31,2015-12-31,-0.000139095691303,1.53
CLX,2013-06-30,2014-06-30,0.000359889321131,4.31
CLX,2014-06-30,2015-06-30,0.00055484220561,4.45
CLX,2015-06-30,2016-06-30,0.0011662408465,5.01
CMA,2013-12-31,2014-12-31,-8.46843220241e-07,3.28
CMA,2014-12-31,2015-12-31,-0.000382337618229,2.93
CME,2012-12-31,2013-12-31,0.0020962026422,2.94
CME,2013-12-31,2014-12-31,0.000544133496274,3.37
CME,2014-12-31,2015-12-31,0.000110754491768,3.71
CMG,2013-12-31,2014-12-31,0.00122118798161,14.35
CMG,2014-12-31,2015-12-31,-0.00116140458277,15.3
CMI,2013-12-31,2014-12-31,0.0001606661741,9.04
CMI,2014-12-31,2015-12-31,-0.00158301940704,7.86
CMS,2013-12-31,2014-12-31,0.00127497153137,1.76
CMS,2014-12-31,2015-12-31,0.000106151700087,1.9
CNC,2012-12-31,2013-12-31,0.00168765922664,2.98
CNC,2013-12-31,2014-12-31,0.00301181309961,2.3
CNC,2014-12-31,2015-12-31,0.00103271846976,2.99
CNP,2012-12-31,2013-12-31,0.000720029533063,0.73
CNP,2013-12-31,2014-12-31,0.000106075149896,1.42
CNP,2014-12-31,2015-12-31,-0.000885005982277,-1.61
COF,2012-12-31,2013-12-31,0.000996762208068,7.05
COF,2013-12-31,2014-12-31,0.000272255766168,7.71
COF,2014-12-31,2015-12-31,-0.000495971529496,7.15
COG,2012-12-31,2013-12-31,0.00228035524861,0.67
COG,2013-12-31,2014-12-31,-0.000889919933019,0.25
COG,2014-12-31,2015-12-31,-0.00163608065707,-0.28
COL,2013-09-30,2014-09-30,0.000530055584207,4.47
COL,2014-09-30,2015-09-30,0.000257115335201,5.19
COL,2015-09-30,2016-09-30,0.000149309509624,5.58
COO,2013-10-31,2014-10-31,0.00109911472036,5.61
COO,2015-10-31,2016-10-31,0.000545355792935,5.65
COST,2013-09-01,2014-08-31,0.000323762949851,4.69
COST,2014-08-31,2015-08-30,0.000602722355152,5.41
COST,2015-08-30,2016-08-28,0.000679324529471,5.36
CPB,2013-07-28,2014-08-03,-0.000425548235427,2.61
CPB,2014-08-03,2015-08-02,0.000667941636249,2.21
CPB,2015-08-02,2016-07-31,0.00098962599894,1.82
CRM,2013-01-31,2014-01-31,0.00152011371081,-0.39
CRM,2014-01-31,2015-01-31,-0.000137639962841,-0.42
CRM,2015-01-31,2016-01-31,0.000749794063147,-0.07
CSCO,2013-07-27,2014-07-26,0.000100663119335,1.5
CSCO,2014-07-26,2015-07-25,0.000381191284246,1.76
CSCO,2015-07-25,2016-07-30,0.000321251617645,2.13
CSRA,2015-04-03,2016-04-01,-0.00154405389182,0.54
CSX,2013-12-31,2014-12-26,0.00119842200661,1.93
CSX,2014-12-26,2015-12-25,-0.00115593066039,2.0
CTAS,2013-05-31,2014-05-31,0.0014302885033,3.08
CTAS,2014-05-31,2015-05-31,0.00152844069664,3.68
CTAS,2015-05-31,2016-05-31,0.000386788998524,6.3
CTL,2012-12-31,2013-12-31,-0.000822686798297,-0.4
CTL,2013-12-31,2014-12-31,0.000994257880087,1.36
CTL,2014-12-31,2015-12-31,-0.0014463729417,1.58
CTSH,2012-12-31,2013-12-31,0.00129460790306,4.07
CTSH,2013-12-31,2014-12-31,0.000260160892634,2.37
CTSH,2014-12-31,2015-12-31,0.000553762591811,2.67
CTXS,2013-12-31,2014-12-31,8.31877200716e-05,1.48
CTXS,2014-12-31,2015-12-31,0.000760769671238,2.01
CVS,2013-12-31,2014-12-31,0.00146047502164,3.98
CVS,2014-12-31,2015-12-31,0.000111411507359,4.66
CVX,2012-12-31,2013-12-31,0.000521959126572,11.18
CVX,2013-12-31,2014-12-31,-0.000382312823219,10.21
CVX,2014-12-31,2015-12-31,-0.000797316708759,2.46
CXO,2012-12-31,2013-12-31,0.0012607776789,2.39
CXO,2013-12-31,2014-12-31,-0.00013042832184,4.89
CXO,2014-12-31,2015-12-31,-0.000320178924554,0.54
D,2012-12-31,2013-12-31,0.000882584407493,2.93
D,2013-12-31,2014-12-31,0.000831348556062,2.25
D,2014-12-31,2015-12-31,-0.000504417326466,3.21
DAL,2013-12-31,2014-12-31,0.00307861973872,0.79
DAL,2014-12-31,2015-12-31,0.000121839355913,5.68
DD,2013-12-31,2014-12-31,0.000637187820419,3.95
DD,2014-12-31,2015-12-31,-0.000192743775105,2.17
DE,2013-10-31,2014-10-31,0.000189566371904,8.71
DE,2015-10-31,2016-10-31,0.000401328630105,0.91
DFS,2012-11-30,2013-12-31,0.00131257945029,4.97
DFS,2013-12-31,2014-12-31,0.00072612716885,4.91
DFS,2014-12-31,2015-12-31,-0.000712780122568,5.14
DG,2013-02-01,2014-01-31,0.000945252382386,3.17
DG,2014-01-31,2015-01-30,0.000828966635073,3.5
DG,2015-01-30,2016-01-29,0.000478610599223,3.96
DGX,2012-12-31,2013-12-31,-0.000346359637729,5.58
DGX,2013-12-31,2014-12-31,0.00106696104111,3.83
DGX,2014-12-31,2015-12-31,0.000124852878784,4.92
DHI,2013-09-30,2014-09-30,0.00023342692082,1.57
DHI,2014-09-30,2015-09-30,0.00176540451975,2.05
DHI,2015-09-30,2016-09-30,8.28464110191e-05,2.39
DHR,2012-12-31,2013-12-31,0.00136141225105,3.87
DHR,2013-12-31,2014-12-31,0.000480654651397,3.7
DHR,2014-12-31,2015-12-31,0.000331459723708,4.81
DIS,2013-09-28,2014-09-27,0.00149811674388,4.31
DIS,2014-09-27,2015-10-03,0.000623117791751,4.95
DIS,2015-10-03,2016-10-01,-0.000421616268164,5.76
DISCA,2013-12-31,2014-12-31,-0.000965623932728,0.38
DLPH,2013-12-31,2014-12-31,0.000888215945119,4.5
DLPH,2014-12-31,2015-12-31,0.00071832053718,5.08
DLR,2012-12-31,2013-12-31,-0.00113345720731,2.12
DLR,2013-12-31,2014-12-31,0.00135002467904,1.0
DLR,2014-12-31,2015-12-31,0.000550332975125,1.56
DLTR,2013-02-02,2014-02-01,0.00110120382011,2.74
DLTR,2014-02-01,2015-01-31,0.00171776645431,2.91
DLTR,2015-01-31,2016-01-30,0.00050138621052,1.27
DNB,2012-12-31,2013-12-31,0.00224162826254,6.61
DNB,2013-12-31,2014-12-31,7.23057690683e-06,8.06
DNB,2014-12-31,2015-12-31,-0.000578030966691,4.68
DOV,2013-12-31,2014-12-31,-0.000367762615238,4.65
DOV,2014-12-31,2015-12-31,-0.000588236677036,5.52
DPS,2013-12-31,2014-12-31,0.00199869498032,3.59
DPS,2014-12-31,2015-12-31,0.00119712687347,4.0
DRI,2013-05-26,2014-05-25,-0.000282388380716,2.18
DRI,2014-05-25,2015-05-31,0.0012446547246,5.56
DRI,2015-05-31,2016-05-29,0.000101317117974,2.94
DUK,2012-12-31,2013-12-31,0.000244162673199,3.77
DUK,2013-12-31,2014-12-31,0.0008968464917,2.66
DUK,2014-12-31,2015-12-31,-0.000597716946079,4.05
DVA,2012-12-31,2013-12-31,0.00063739176267,3.02
DVA,2013-12-31,2014-12-31,0.000671380984798,3.41
DVA,2014-12-31,2015-12-31,-0.000320265403534,1.27
DVN,2013-12-31,2014-12-31,3.24409303726e-06,3.93
DVN,2014-12-31,2015-12-31,-0.00188518098487,-35.55
EA,2013-03-31,2014-03-31,0.00244609330887,0.03
EA,2014-03-31,2015-03-31,0.00395209575462,2.81
EA,2015-03-31,2016-03-31,0.000611726450557,3.73
EBAY,2013-12-31,2014-12-31,0.000160378168726,0.04
EBAY,2014-12-31,2015-12-31,0.000641195372912,1.43
ECL,2012-12-31,2013-12-31,0.00159840576848,3.23
ECL,2013-12-31,2014-12-31,2.79102947866e-05,4.01
ECL,2014-12-31,2015-12-31,0.000383091882449,3.38
ED,2013-12-31,2014-12-31,0.000886165179918,3.73
ED,2014-12-31,2015-12-31,-0.000123820956306,4.07
EFX,2012-12-31,2013-12-31,0.00104027070797,2.9
EFX,2013-12-31,2014-12-31,0.000720025423745,3.03
EFX,2014-12-31,2015-12-31,0.00146638027116,3.61
EIX,2012-12-31,2013-12-31,2.50119032617e-05,2.81
EIX,2013-12-31,2014-12-31,0.00175134281242,4.95
EIX,2014-12-31,2015-12-31,-0.000381621296619,3.13
EL,2013-06-30,2014-06-30,0.000433935138628,3.12
EL,2014-06-30,2015-06-30,0.000664494123672,2.87
EL,2015-06-30,2016-06-30,0.000151033455787,3.01
EMN,2012-12-31,2013-12-31,0.000620999226395,7.57
EMN,2013-12-31,2014-12-31,-0.000218481250893,5.03
EMN,2014-12-31,2015-12-31,-0.000465418941779,5.71
EMR,2013-09-30,2014-09-30,-0.00015185099807,3.05
EMR,2014-09-30,2015-09-30,-0.00111356725601,4.01
EMR,2015-09-30,2016-09-30,0.0010837688989,2.53
EOG,2012-12-31,2013-12-31,0.00141686674778,8.13
EOG,2013-12-31,2014-12-31,0.000459780621506,5.36
EOG,2014-12-31,2015-12-31,-0.000922799626625,-8.29
EQIX,2012-12-31,2013-12-31,-0.000693212476523,1.92
EQIX,2013-12-31,2014-12-31,0.0011800764969,-4.96
EQIX,2014-12-31,2015-12-31,0.0013262530159,3.25
EQR,2012-12-31,2013-12-31,-0.000357776217227,5.155
EQR,2013-12-31,2014-12-31,0.00151509548817,1.736
EQR,2014-12-31,2015-12-31,0.000442177958665,2.37
EQT,2013-12-31,2014-12-31,-0.000582738321511,2.55
EQT,2014-12-31,2015-12-31,-0.00129971563829,0.56
ES,2012-12-31,2013-12-31,0.000256112725519,2.49
ES,2013-12-31,2014-12-31,0.0011223727645,2.59
ES,2014-12-31,2015-12-31,-0.000197157529539,2.77
ESS,2012-12-31,2013-12-31,-0.000126877191574,4.06
ESS,2014-12-31,2015-12-31,0.000548217014935,3.5
ETFC,2012-12-31,2013-12-31,0.00451232317737,0.3
ETFC,2013-12-31,2014-12-31,0.000891405099363,1.02
ETFC,2014-12-31,2015-12-31,0.000930498370388,0.92
ETN,2012-12-31,2013-12-31,0.00138273803559,3.93
ETN,2013-12-31,2014-12-31,-0.00039582658901,3.78
ETN,2014-12-31,2015-12-31,-0.000928243067677,4.25
ETR,2012-12-31,2013-12-31,-9.07029478458e-05,3.99
ETR,2013-12-31,2014-12-31,0.00164531118452,5.24
ETR,2014-12-31,2015-12-31,-0.000875449860046,-0.99
EW,2012-12-31,2013-12-31,-0.00113612468975,3.51
EW,2013-12-31,2014-12-31,0.00369977081796,7.62
EW,2014-12-31,2015-12-31,0.000939555425162,2.3
EXPD,2012-12-31,2013-12-31,0.000325027926824,1.69
EXPD,2013-12-31,2014-12-31,0.000102194533727,1.92
EXPD,2014-12-31,2015-12-31,6.07476996828e-05,2.42
EXPE,2013-12-31,2014-12-31,0.000925983390403,3.09
EXPE,2014-12-31,2015-12-31,0.00178330816626,5.87
EXR,2012-12-31,2013-12-31,0.000568585997132,1.54
EXR,2013-12-31,2014-12-31,0.00160002560011,1.54
EXR,2014-12-31,2015-12-31,0.00197066161557,1.58
F,2013-12-31,2014-12-31,1.54206760424e-05,0.81
F,2014-12-31,2015-12-31,-0.000328104332011,1.86
FAST,2013-12-31,2014-12-31,7.30770522403e-05,1.67
FAST,2014-12-31,2015-12-31,-0.000550867467213,1.77
FB,2013-12-31,2014-12-31,0.00169073284142,1.12
FB,2014-12-31,2015-12-31,0.00132578672101,1.31
FBHS,2012-12-31,2013-12-31,0.00193311961839,1.39
FBHS,2013-12-31,2014-12-31,-1.39758009007e-05,0.98
FBHS,2014-12-31,2015-12-31,0.000948872406405,1.97
FCX,2012-12-31,2013-12-31,0.000289975238879,2.65
FCX,2013-12-31,2014-12-31,-0.00150483610476,-1.26
FCX,2014-12-31,2015-12-31,-0.00282748621854,-11.31
FDX,2013-05-31,2014-05-31,0.00189457149607,6.82
FDX,2014-05-31,2015-05-31,0.000800127075752,3.7
FDX,2015-05-31,2016-05-31,-0.000234399822228,6.59
FE,2012-12-31,2013-12-31,-0.000850745252841,0.94
FE,2014-12-31,2015-12-31,-0.000756195417217,1.37
FFIV,2013-09-30,2014-09-30,0.00132780608522,4.13
FFIV,2014-09-30,2015-09-30,-4.33836780351e-05,5.07
FFIV,2015-09-30,2016-09-30,0.000259179254247,5.43
FIS,2012-12-31,2013-12-31,0.00197858782448,1.7
FIS,2013-12-31,2014-12-31,0.000688829065588,2.38
FIS,2014-12-31,2015-12-31,-0.000115086486445,2.22
FISV,2012-12-31,2013-12-31,0.00179762683244,2.47
FISV,2013-12-31,2014-12-31,0.000870697634088,3.03
FISV,2014-12-31,2015-12-31,0.0011710336068,3.04
FL,2013-02-02,2014-02-01,0.000552362317422,2.89
FL,2014-02-01,2015-01-31,0.00178865273998,3.61
FL,2015-01-31,2016-01-30,0.00106211808185,3.89
FLIR,2012-12-31,2013-12-31,0.00112315479287,1.24
FLIR,2013-12-31,2014-12-31,0.000436221651054,1.42
FLIR,2014-12-31,2015-12-31,-0.000507896952123,1.73
FLR,2013-12-31,2014-12-31,-0.000917724832817,3.24
FLR,2014-12-31,2015-12-31,-0.000880744338386,2.85
FLS,2013-12-31,2014-12-31,-0.000896835680506,3.79
FLS,2014-12-31,2015-12-31,-0.00116885532078,2.01
FMC,2012-12-31,2013-12-31,0.0010712016116,2.16
FMC,2013-12-31,2014-12-31,-0.00093176499901,2.3
FMC,2014-12-31,2015-12-31,-0.00124264787697,3.66
FRT,2013-12-31,2014-12-31,0.00128053881553,2.42
FRT,2014-12-31,2015-12-31,0.000302866609437,3.04
FSLR,2012-12-31,2013-12-31,0.00280965765591,3.77
FSLR,2013-12-31,2014-12-31,-0.000887054070468,3.97
FSLR,2014-12-31,2015-12-31,0.00190975001169,5.42
FTR,2012-12-31,2013-12-31,0.000263943497888,0.11
FTR,2013-12-31,2014-12-31,0.00169946636756,0.13
FTR,2014-12-31,2015-12-31,-0.00117732836106,-0.29
GD,2013-12-31,2014-12-31,0.0017954514805,7.56
GD,2014-12-31,2015-12-31,-3.12414665663e-05,9.23
GILD,2012-12-31,2013-12-31,0.00397248338906,2.01
GILD,2013-12-31,2014-12-31,0.00100512233752,7.95
GILD,2014-12-31,2015-12-31,0.000262571129848,12.37
GIS,2013-05-26,2014-05-25,0.000381288927312,2.9
GIS,2014-05-25,2015-05-31,0.000138093580425,2.02
GIS,2015-05-31,2016-05-29,0.000463867520177,2.83
GLW,2013-12-31,2014-12-31,0.00115228984109,1.82
GLW,2014-12-31,2015-12-31,-0.000815725219539,1.02
GM,2013-12-31,2014-12-31,-0.000585305429822,1.75
GM,2014-12-31,2015-12-31,-9.45367029322e-05,6.11
GPC,2012-12-31,2013-12-31,0.00109880735825,4.43
GPC,2013-12-31,2014-12-31,0.00119406092092,4.64
GPC,2014-12-31,2015-12-31,-0.000768541811249,4.65
GPN,2013-05-31,2014-05-31,0.00168995802616,3.4
GPN,2014-05-31,2015-05-31,0.00203063928894,4.15
GPN,2015-05-31,2016-05-31,0.00191099990743,2.05
GPS,2013-02-02,2014-02-01,0.00067114200455,2.78
GPS,2014-02-01,2015-01-31,0.0004214015348,2.9
GPS,2015-01-31,2016-01-30,-0.00159246462426,2.24
GRMN,2012-12-29,2013-12-28,0.00057878894239,3.13
GRMN,2013-12-28,2014-12-27,0.000610502780989,1.89
GRMN,2014-12-27,2015-12-26,-0.00124353765179,2.39
GT,2013-12-31,2014-12-31,0.000849978545761,9.13
GT,2014-12-31,2015-12-31,0.00060629963818,1.14
GWW,2012-12-31,2013-12-31,0.000911019319918,11.31
GWW,2013-12-31,2014-12-31,2.86963913204e-05,11.59
GWW,2014-12-31,2015-12-31,-0.000818310576648,11.69
HAL,2013-12-31,2014-12-31,-0.000847449274202,4.13
HAL,2014-12-31,2015-12-31,-0.000547657305645,-0.79
HAS,2012-12-31,2013-12-29,0.00207481876047,2.2
HAS,2013-12-29,2014-12-28,4.13119209269e-05,3.24
HAS,2014-12-28,2015-12-27,0.000835299273794,3.61
HBAN,2012-12-31,2013-12-31,0.00186030779638,0.73
HBAN,2013-12-31,2014-12-31,0.000407640344747,0.73
HBAN,2014-12-31,2015-12-31,0.00021164021164,0.82
HBI,2013-12-28,2015-01-03,0.00231068312928,4.02
HBI,2015-01-03,2016-01-02,0.00036299333544,1.07
HCA,2012-12-31,2013-12-31,0.00208048082107,3.5
HCA,2013-12-31,2014-12-31,0.00212825335354,4.3
HCA,2014-12-31,2015-12-31,-0.000340120936753,5.14
HCN,2012-12-31,2013-12-31,-0.000490757459144,0.28
HCN,2013-12-31,2014-12-31,0.00164022126956,1.46
HCN,2014-12-31,2015-12-31,-0.000459997645748,2.35
HCP,2013-12-31,2014-12-31,0.000856993791079,2.01
HCP,2014-12-31,2015-12-31,-0.000584841800709,-1.21
HD,2013-02-03,2014-02-02,0.000629789272201,3.78
HD,2014-02-02,2015-02-01,0.00155616731701,4.74
HD,2015-02-01,2016-01-31,0.000813751677194,5.49
HES,2012-12-31,2013-12-31,0.00216403211436,15.01
HES,2013-12-31,2014-12-31,-0.000357103856037,7.63
HES,2014-12-31,2015-12-31,-0.00137342047789,-10.78
HIG,2012-12-31,2013-12-31,0.00209542580119,0.37
HIG,2013-12-31,2014-12-31,0.00070509333744,1.81
HIG,2014-12-31,2015-12-31,0.000158578033786,4.05
HOG,2012-12-31,2013-12-31,0.0015280830158,3.3
HOG,2013-12-31,2014-12-31,-0.00015338170235,3.9
HOG,2014-12-31,2015-12-31,-0.00123046644868,3.71
HOLX,2013-09-28,2014-09-27,0.000715781136953,0.06
HOLX,2014-09-27,2015-09-26,0.00252318614476,0.47
HOLX,2015-09-26,2016-09-24,7.28023326764e-05,1.18
HON,2013-12-31,2014-12-31,0.000421780670491,5.4
HON,2014-12-31,2015-12-31,0.000132235418063,6.11
HP,2013-09-30,2014-09-30,0.00150795921181,6.54
HP,2014-09-30,2015-09-30,-0.00198538580757,3.9
HP,2015-09-30,2016-09-30,0.00172408280015,-0.54
HPE,2015-10-31,2016-10-31,0.00218541495503,1.84
HPQ,2013-10-31,2014-10-31,0.00152483808304,2.66
HPQ,2015-10-31,2016-10-31,0.000189374375925,1.44
HRB,2013-04-30,2014-04-30,6.96184906711e-05,1.73
HRB,2014-04-30,2015-04-30,0.000196966585902,1.72
HRB,2015-04-30,2016-04-30,-0.00142253406768,1.5
HRL,2013-10-27,2014-10-26,0.000822428056447,2.28
HRL,2015-10-31,2016-10-30,0.000526331014587,0.46
HRS,2013-06-28,2014-06-27,0.00207496710682,5.0
HRS,2014-06-27,2015-07-03,0.000103021963373,3.15
HRS,2015-07-03,2016-07-01,0.000306404801987,2.61
HSIC,2012-12-29,2013-12-28,0.0016848796233,5.02
HSIC,2013-12-28,2014-12-27,0.000796464761043,5.53
HSIC,2014-12-27,2015-12-26,0.000566296801886,5.78
HST,2012-12-31,2013-12-31,0.000811353583835,0.16
HST,2013-12-31,2014-12-31,0.000929222502431,0.34
HST,2014-12-31,2015-12-31,-0.00141163832652,0.22
HUM,2013-12-31,2014-12-31,0.0015739510052,7.44
HUM,2014-12-31,2015-12-31,0.000985749607253,8.54
IBM,2012-12-31,2013-12-31,-0.000177444689627,15.06
IBM,2013-12-31,2014-12-31,-0.000536643565436,11.97
IBM,2014-12-31,2015-12-31,-0.00059844588477,13.48
IDXX,2012-12-31,2013-12-31,0.000519818047097,3.53
IDXX,2013-12-31,2014-12-31,0.00163369821063,3.63
IDXX,2014-12-31,2015-12-31,-4.01325062238e-05,2.07
IFF,2012-12-31,2013-12-31,0.0010235601953,4.32
IFF,2013-12-31,2014-12-31,0.00072786064702,5.09
IFF,2014-12-31,2015-12-31,0.000739350495889,5.19
ILMN,2013-12-29,2014-12-28,0.00281993630283,2.61
ILMN,2014-12-28,2016-01-03,5.00722222623e-05,3.19
INTC,2013-12-28,2014-12-27,0.00180323179237,2.39
INTC,2014-12-27,2015-12-26,-0.000235743416865,2.41
INTU,2013-07-31,2014-07-31,0.00107559456382,3.18
INTU,2014-07-31,2015-07-31,0.00124180338946,1.3
INTU,2015-07-31,2016-07-31,0.000225276706799,3.73
IP,2012-12-31,2013-12-31,0.000836969440372,3.15
IP,2013-12-31,2014-12-31,0.000449691342584,1.3
IP,2014-12-31,2015-12-31,-0.00115827701575,2.25
IPG,2012-12-31,2013-12-31,0.00207113547339,0.62
IPG,2013-12-31,2014-12-31,0.000714736652237,1.14
IPG,2014-12-31,2015-12-31,0.000593768567509,1.11
IRM,2012-12-31,2013-12-31,-0.000213998596287,0.51
IRM,2013-12-31,2014-12-31,0.00166052060611,1.67
IRM,2014-12-31,2015-12-31,-0.00121716201667,0.58
ISRG,2013-12-31,2014-12-31,0.00155520122153,11.35
ISRG,2014-12-31,2015-12-31,0.000155462094864,15.87
ITW,2013-12-31,2014-12-31,0.000549039334478,7.33
ITW,2014-12-31,2015-12-31,-8.3824545168e-05,5.16
IVZ,2012-12-31,2013-12-31,0.00138947814372,2.1
IVZ,2013-12-31,2014-12-31,0.000403795131201,2.27
IVZ,2014-12-31,2015-12-31,-0.000573845530555,2.26
JBHT,2012-12-31,2013-12-31,0.00105707431853,2.92
JBHT,2013-12-31,2014-12-31,0.000396307461962,3.2
JBHT,2014-12-31,2015-12-31,-0.000470163225869,3.69
JEC,2013-09-27,2014-09-26,-0.00058206500228,2.51
JEC,2014-09-26,2015-10-02,-0.000944089460412,2.42
JEC,2015-10-02,2016-09-30,0.00125508627782,1.75
JNPR,2012-12-31,2013-12-31,0.000390067025508,0.88
JNPR,2013-12-31,2014-12-31,-2.82438004858e-05,-0.73
JNPR,2014-12-31,2015-12-31,0.00091031194022,1.62
JPM,2012-12-31,2013-12-31,0.00122797290285,4.39
JPM,2013-12-31,2014-12-31,0.000297908985465,5.34
JPM,2014-12-31,2015-12-31,0.00022479767472,6.05
JWN,2013-02-02,2014-02-01,0.000215651229943,3.77
JWN,2014-02-01,2015-01-31,0.00146532865971,3.79
JWN,2015-01-31,2016-01-30,-0.00142930963881,3.22
K,2012-12-29,2013-12-28,0.00036594907273,4.98
K,2013-12-28,2015-01-03,0.000270144298988,1.76
K,2015-01-03,2016-01-02,0.000496612662373,1.74
KIM,2012-12-31,2013-12-31,4.47010681035e-05,0.43
KIM,2013-12-31,2014-12-31,0.00107787151448,0.89
KIM,2014-12-31,2015-12-31,0.000155862298669,2.01
KLAC,2013-06-30,2014-06-30,0.00124618108059,3.51
KLAC,2014-06-30,2015-06-30,-0.000915625644902,2.26
KLAC,2015-06-30,2016-06-30,0.00114561161189,4.52
KMB,2013-12-31,2014-12-31,0.000636977676515,4.07
KMB,2014-12-31,2015-12-31,0.000403522136879,2.78
KMI,2014-12-31,2015-12-31,-0.00258525121602,0.1
KMX,2013-02-28,2014-02-28,0.0010391075397,2.2
KMX,2014-02-28,2015-02-28,0.0015711100833,2.77
KMX,2015-02-28,2016-02-29,-0.00125951221289,3.07
KO,2012-12-31,2013-12-31,0.0003915488008,1.94
KO,2013-12-31,2014-12-31,0.000152249880933,1.62
KO,2014-12-31,2015-12-31,7.72180429802e-05,1.69
KORS,2013-03-30,2014-03-29,0.00266337766338,3.27
KORS,2014-03-29,2015-03-28,-0.00112341443045,4.35
KORS,2015-03-28,2016-04-02,-0.000549824560382,4.5
KR,2013-02-02,2014-02-01,0.00121379289492,2.93
KR,2014-02-01,2015-01-31,0.00379150453565,3.49
KR,2015-01-31,2016-01-30,0.000453982119741,2.09
KSS,2013-02-02,2014-02-01,0.000477629593978,4.08
KSS,2014-02-01,2015-01-31,0.000827428388957,4.28
KSS,2015-01-31,2016-01-30,-0.000758035513562,3.48
KSU,2013-12-31,2014-12-31,6.71295965608e-05,4.56
KSU,2014-12-31,2015-12-31,-0.00150762017989,4.41
LB,2013-02-02,2014-02-01,0.000415041916547,3.12
LB,2014-02-01,2015-01-31,0.00264403355038,3.57
LB,2015-01-31,2016-01-30,0.000530582643679,4.3
LEG,2012-12-31,2013-12-31,0.000456170599171,1.36
LEG,2013-12-31,2014-12-31,0.0015466614119,0.69
LEG,2014-12-31,2015-12-31,-1.31773139363e-05,2.31
LEN,2013-11-30,2014-11-30,0.00136577079969,3.12
LEN,2014-11-30,2015-11-30,0.00042366912978,3.87
LH,2012-12-31,2013-12-31,0.000171725121769,6.36
LLL,2012-12-31,2013-12-31,0.00149980027561,8.7
LLL,2013-12-31,2014-12-31,0.00079795577511,7.78
LLL,2014-12-31,2015-12-31,-0.00024838537368,-2.97
LLTC,2013-06-30,2014-06-29,0.00107651028539,1.91
LLTC,2014-06-29,2015-06-28,-0.000143890213524,2.13
LLTC,2015-06-28,2016-07-03,0.00016470573953,2.02
LLY,2012-12-31,2013-12-31,0.000119424491781,4.33
LLY,2013-12-31,2014-12-31,0.00142835224766,2.23
LLY,2014-12-31,2015-12-31,0.000804299512287,2.27
LMT,2013-12-31,2014-12-31,0.00126325597783,11.41
LMT,2014-12-31,2015-12-31,0.000489385751947,11.62
LNT,2012-12-31,2013-12-31,0.000567898033553,3.23
LNT,2013-12-31,2014-12-31,0.0012222034131,3.46
LNT,2014-12-31,2015-12-31,-0.000241675557942,3.36
LOW,2013-02-01,2014-01-31,0.000876830287714,2.14
LOW,2014-01-31,2015-01-30,0.00193611562277,2.71
LOW,2015-01-30,2016-01-29,0.000189273591788,2.73
LRCX,2013-06-30,2014-06-29,0.00204925590687,3.84
LRCX,2014-06-29,2015-06-28,0.000900806277571,4.11
LRCX,2015-06-28,2016-06-26,0.000103327442241,5.75
LUK,2012-12-31,2013-12-31,0.00080039839912,1.07
LUK,2013-12-31,2014-12-31,-0.000846560846561,0.54
LUK,2014-12-31,2015-12-31,-0.000918853367764,0.74
LUV,2013-12-31,2014-12-31,0.00492668866053,1.65
LUV,2014-12-31,2015-12-31,3.43935802098e-05,3.3
LVLT,2012-12-31,2013-12-31,0.0015276529501,-0.49
LVLT,2013-12-31,2014-12-31,0.00196430403517,1.23
LVLT,2014-12-31,2015-12-31,0.00040285643549,9.71
LYB,2012-12-31,2013-12-31,0.00141574865759,6.8
LYB,2013-12-31,2014-12-31,3.07265162651e-05,8.03
LYB,2014-12-31,2015-12-31,0.000338493599846,9.62
M,2013-02-02,2014-02-01,0.00148990809757,3.93
M,2014-02-01,2015-01-31,0.00101499333642,4.3
M,2015-01-31,2016-01-30,-0.00147555617356,3.26
MA,2013-12-31,2014-12-31,0.00013063556623,3.11
MA,2014-12-31,2015-12-31,0.000540957169905,3.36
MAA,2012-12-31,2013-12-31,-0.000266906565548,2.27
MAA,2013-12-31,2014-12-31,0.000885155817134,1.97
MAA,2014-12-31,2015-12-31,0.000763947285275,4.41
MAC,2012-12-31,2013-12-31,6.07385821797e-06,3.01
MAC,2013-12-31,2014-12-31,0.00170136017521,10.46
MAC,2014-12-31,2015-12-31,-0.000162710535398,3.08
MAR,2012-12-31,2013-12-31,0.0010802977293,2.05
MAR,2013-12-31,2014-12-31,0.00235615084177,2.6
MAR,2014-12-31,2015-12-31,-0.000546623743174,3.22
MAS,2013-12-31,2014-12-31,0.000438973671854,2.4
MAS,2014-12-31,2015-12-31,0.00114166993111,1.03
MAT,2012-12-31,2013-12-31,0.00116243996861,2.61
MAT,2013-12-31,2014-12-31,-0.00137662141123,1.46
MAT,2014-12-31,2015-12-31,-0.000429774681876,1.08
MCD,2012-12-31,2013-12-31,0.000304267844372,5.59
MCD,2013-12-31,2014-12-31,-0.000111544399809,4.85
MCD,2014-12-31,2015-12-31,0.0010586547792,4.82
MCHP,2013-03-31,2014-03-31,0.00125213707907,1.99
MCHP,2014-03-31,2015-03-31,8.70780086487e-05,1.84
MCHP,2015-03-31,2016-03-31,-9.03556049415e-06,1.59
MCK,2013-03-31,2014-03-31,0.00251370680528,5.51
MCK,2014-03-31,2015-03-31,0.00113069553985,6.37
MCK,2015-03-31,2016-03-31,-0.00116636848087,9.82
MCO,2012-12-31,2013-12-31,0.00204659812479,3.67
MCO,2013-12-31,2014-12-31,0.000948952508232,4.69
MCO,2014-12-31,2015-12-31,0.000184155995809,4.7
MDLZ,2012-12-31,2013-12-31,0.00128406553347,2.21
MDLZ,2013-12-31,2014-12-31,0.000173276352391,1.29
MDLZ,2014-12-31,2015-12-31,0.00086829137287,4.49
MET,2012-12-31,2013-12-31,0.00211903575741,2.94
MET,2013-12-31,2014-12-31,6.71448130631e-05,5.48
MET,2014-12-31,2015-12-31,-0.000419570610041,4.61
MHK,2012-12-31,2013-12-31,0.00237362651631,4.86
MHK,2013-12-31,2014-12-31,0.000166330810377,7.3
MHK,2014-12-31,2015-12-31,0.000893928738895,2.59
MJN,2012-12-31,2013-12-31,0.000862162685987,3.2
MJN,2013-12-31,2014-12-31,0.000828767404002,3.55
MJN,2014-12-31,2015-12-31,-0.000833436751732,3.28
MKC,2013-11-30,2014-11-30,0.000313359690559,3.37
MKC,2014-11-30,2015-11-30,0.000644820778919,3.14
MLM,2012-12-31,2013-12-31,0.000120696621515,2.62
MLM,2013-12-31,2014-12-31,0.000429754604981,2.73
MLM,2014-12-31,2015-12-31,0.000921093300121,4.31
MMC,2012-12-31,2013-12-31,0.00143447029619,2.47
MMC,2013-12-31,2014-12-31,0.000791655091248,2.69
MMC,2014-12-31,2015-12-31,-0.000105875828083,3.01
MMM,2013-12-31,2014-12-31,0.00075239684068,7.63
MMM,2014-12-31,2015-12-31,-0.000324600542088,7.72
MO,2012-12-31,2013-12-31,0.000713407408247,2.26
MO,2013-12-31,2014-12-31,0.00119047591825,2.56
MO,2014-12-31,2015-12-31,0.000748757565477,2.67
MON,2013-08-31,2014-08-31,0.000661600502607,5.28
MON,2014-08-31,2015-08-31,-0.000596929788735,4.85
MON,2015-08-31,2016-08-31,0.000441466356331,3.02
MOS,2013-05-31,2014-12-31,-0.000628484667104,2.69
MOS,2014-12-31,2015-12-31,-0.00157620400137,2.79
MPC,2012-12-31,2013-12-31,0.00171848149557,6.69
MPC,2013-12-31,2014-12-31,3.45913502817e-05,8.84
MPC,2014-12-31,2015-12-31,0.00052136383967,5.29
MRK,2012-12-31,2013-12-31,0.000836078570277,1.49
MRK,2013-12-31,2014-12-31,0.000585335397643,4.12
MRK,2014-12-31,2015-12-31,-0.000303221999934,1.58
MRO,2012-12-31,2013-12-31,0.000457634218511,2.49
MRO,2013-12-31,2014-12-31,-0.000752501784634,4.48
MRO,2014-12-31,2015-12-31,-0.00222138972139,-3.26
MSFT,2013-06-30,2014-06-30,0.000847700328268,2.66
MSFT,2014-06-30,2015-06-30,0.000216088635502,1.49
MSFT,2015-06-30,2016-06-30,0.000597553484069,2.12
MTB,2012-12-31,2013-12-31,0.000604488025415,8.26
MTB,2013-12-31,2014-12-31,0.000364199395745,7.47
MTB,2014-12-31,2015-12-31,-0.000133235069554,7.22
MTD,2013-12-31,2014-12-31,0.00100105859951,11.71
MTD,2014-12-31,2015-12-31,0.000488622781581,12.75
MU,2013-08-29,2014-08-28,0.00564873916273,2.87
MU,2014-08-28,2015-09-03,-0.00191837602835,2.71
MU,2015-09-03,2016-09-01,-4.26358774178e-05,-0.27
MUR,2012-12-31,2013-12-31,0.000953155971455,5.98
MUR,2013-12-31,2014-12-31,-0.000821061074549,5.06
MUR,2014-12-31,2015-12-31,-0.00220379958072,-13.03
NAVI,2014-12-31,2015-12-31,-0.00188592088225,2.66
NBL,2013-12-31,2014-12-31,-0.00114178907833,3.36
NBL,2014-12-31,2015-12-31,-0.00118082648559,-6.07
NDAQ,2012-12-31,2013-12-31,0.00216282149635,2.3
NDAQ,2013-12-31,2014-12-31,0.000886783059659,2.45
NDAQ,2014-12-31,2015-12-31,0.000854840903742,2.56
NEE,2012-12-31,2013-12-31,0.000849697408951,4.5
NEE,2013-12-31,2014-12-31,0.00103810470538,5.67
NEE,2014-12-31,2015-12-31,-0.000104143994822,6.11
NEM,2012-12-31,2013-12-31,-0.00201966358531,-4.94
NEM,2013-12-31,2014-12-31,-0.00083803680923,1.02
NEM,2014-12-31,2015-12-31,-0.00027699807948,0.43
NFLX,2013-12-31,2014-12-31,-0.000231979038979,4.44
NFLX,2014-12-31,2015-12-31,0.00513709973348,0.29
NFX,2012-12-31,2013-12-31,-0.000382850766866,0.94
NFX,2013-12-31,2014-12-31,0.000447792284157,6.59
NFX,2014-12-31,2015-12-31,0.000889127730039,-21.18
NKE,2015-05-31,2016-05-31,0.000337149171786,2.21
NLSN,2013-12-31,2014-12-31,-3.08095999063e-05,1.01
NLSN,2014-12-31,2015-12-31,0.000157596700736,1.55
NOV,2012-12-31,2013-12-31,0.000537674106854,5.46
NOV,2013-12-31,2014-12-31,-0.000318747284711,5.85
NOV,2014-12-31,2015-12-31,-0.00193898480667,-1.99
NSC,2013-12-31,2014-12-31,0.000795302388724,6.44
NSC,2014-12-31,2015-12-31,-0.000892902789593,5.13
NTAP,2013-04-26,2014-04-25,5.42286127556e-05,1.87
NTAP,2014-04-25,2015-04-24,0.000108779784163,1.77
NTAP,2015-04-24,2016-04-29,-0.00136724123913,0.78
NTRS,2012-12-31,2013-12-31,0.000772051559379,3.01
NTRS,2013-12-31,2014-12-31,0.00042426253346,3.34
NTRS,2014-12-31,2015-12-31,0.000266703840681,4.03
NUE,2012-12-31,2013-12-31,0.000762103457472,1.52
NUE,2013-12-31,2014-12-31,-0.000276942510363,2.22
NUE,2014-12-31,2015-12-31,-0.000705233411665,1.11
NVDA,2013-01-27,2014-01-26,0.000932037117193,0.75
NVDA,2014-01-26,2015-01-25,0.0013529321266,1.14
NVDA,2015-01-25,2016-01-31,0.00164244354304,1.13
NWL,2012-12-31,2013-12-31,0.00171998598853,1.64
NWL,2013-12-31,2014-12-31,0.000728787475214,1.37
NWL,2014-12-31,2015-12-31,0.000651942498649,1.3
NWSA,2013-06-30,2014-06-30,0.000845165920774,0.41
NWSA,2014-06-30,2015-06-30,-0.00076953433307,-0.26
NWSA,2015-06-30,2016-06-30,-0.000888248126309,0.3
O,2012-12-31,2013-12-31,-0.000364874620941,1.06
O,2013-12-31,2014-12-31,0.00110069925785,1.04
O,2014-12-31,2015-12-31,0.000245669531605,1.09
OKE,2012-12-31,2013-12-31,0.00162562576416,1.29
OKE,2013-12-31,2014-12-31,-0.000279545849525,1.5
OKE,2014-12-31,2015-12-31,-0.00200797458569,1.17
OMC,2013-12-31,2014-12-31,0.000186078989704,4.27
OMC,2014-12-31,2015-12-31,-1.41105320481e-05,4.43
ORLY,2012-12-31,2013-12-31,0.00171499938639,6.14
ORLY,2013-12-31,2014-12-31,0.00196810118246,7.46
ORLY,2014-12-31,2015-12-31,0.00126642880445,9.32
OXY,2012-12-31,2013-12-31,0.000860058981386,7.33
OXY,2013-12-31,2014-12-31,-0.000416672232921,0.79
OXY,2014-12-31,2015-12-31,-0.000641612330205,-10.23
PAYX,2013-05-31,2014-05-31,0.000397553701749,1.72
PAYX,2014-05-31,2015-05-31,0.000831312596126,1.86
PAYX,2015-05-31,2016-05-31,0.000384777608988,2.1
PBCT,2012-12-31,2013-12-31,0.000854897157148,0.74
PBCT,2013-12-31,2014-12-31,4.49435825852e-05,0.84
PBCT,2014-12-31,2015-12-31,0.000261930955,0.86
PBI,2012-12-31,2013-12-31,0.00460082049811,0.71
PBI,2013-12-31,2014-12-31,0.000159204553923,1.65
PBI,2014-12-31,2015-12-31,-0.00060574099813,2.04
PCAR,2012-12-31,2013-12-31,0.00107690233428,3.31
PCAR,2013-12-31,2014-12-31,0.000644307466417,3.83
PCAR,2014-12-31,2015-12-31,-0.00120823576559,4.52
PCG,2013-12-31,2014-12-31,0.00135877198249,3.07
PCG,2014-12-31,2015-12-31,-1.11593937663e-05,1.81
PCLN,2012-12-31,2013-12-31,0.00325715069109,37.17
PCLN,2013-12-31,2014-12-31,-1.81187054389e-05,46.3
PCLN,2014-12-31,2015-12-31,0.000461745279606,50.09
PDCO,2013-04-27,2014-04-26,0.000339226533109,1.99
PDCO,2014-04-26,2015-04-25,0.000696385496532,2.26
PDCO,2015-04-25,2016-04-30,-0.000331499456148,1.93
PEG,2012-12-31,2013-12-31,0.000142410794472,2.46
PEG,2013-12-31,2014-12-31,0.00127673156719,3.0
PEG,2014-12-31,2015-12-31,-0.000304012089137,3.32
PEP,2013-12-28,2014-12-27,0.000679467550991,4.31
PEP,2014-12-27,2015-12-26,0.000156924164475,3.71
PFE,2012-12-31,2013-12-31,0.000722892889305,3.23
PFE,2013-12-31,2014-12-31,8.98916380906e-05,1.44
PFE,2014-12-31,2015-12-31,0.000120326757152,1.13
PFG,2013-12-31,2014-12-31,0.000270970864779,3.7
PFG,2014-12-31,2015-12-31,-0.0005231263858,4.11
PGR,2012-12-31,2013-12-31,0.00102087838422,1.95
PGR,2013-12-31,2014-12-31,4.00985246924e-05,2.17
PGR,2014-12-31,2015-12-31,0.000698553263825,2.16
PH,2013-06-30,2014-06-30,0.0011764002687,6.98
PH,2014-06-30,2015-06-30,-0.000329671315556,7.08
PH,2015-06-30,2016-06-30,-0.000307028381392,5.96
PHM,2013-12-31,2014-12-31,0.00027271845159,1.27
PHM,2014-12-31,2015-12-31,-0.000642088130329,1.38
PKI,2012-12-30,2013-12-29,0.00118492633122,1.49
PKI,2013-12-29,2014-12-28,0.000262071629473,1.4
PKI,2014-12-28,2016-01-03,0.000860549091023,1.89
PM,2013-12-31,2014-12-31,-0.000210822149121,4.76
PM,2014-12-31,2015-12-31,0.000337463572346,4.42
PNC,2012-12-31,2013-12-31,0.00120233967674,7.48
PNC,2013-12-31,2014-12-31,0.00075790570382,7.44
PNC,2014-12-31,2015-12-31,0.000196184236742,7.52
PNR,2012-12-31,2013-12-31,0.00212173361696,2.67
PNR,2013-12-31,2014-12-31,-0.000539459765723,1.13
PNR,2014-12-31,2015-12-31,-0.001020629267,-0.42
PNW,2012-12-31,2013-12-31,3.93793151091e-05,3.69
PNW,2013-12-31,2014-12-31,0.00123965046677,3.59
PNW,2014-12-31,2015-12-31,-0.000240500012754,3.94
PPG,2013-12-31,2014-12-31,0.000886524645289,15.2
PPG,2014-12-31,2015-12-31,-0.00054939723417,5.18
PPL,2012-12-31,2013-12-31,0.000136412993065,1.85
PPL,2013-12-31,2014-12-31,0.00089402848042,2.64
PPL,2014-12-31,2015-12-31,-0.000243377505661,1.01
PRU,2012-12-31,2013-12-31,0.00256427700141,-1.55
PRU,2013-12-31,2014-12-31,-1.3116880443e-05,-2.69
PRU,2014-12-31,2015-12-31,-0.000383129477704,12.37
PSX,2012-12-31,2013-12-31,0.00157049789103,6.07
PSX,2013-12-31,2014-12-31,-0.000246556011627,8.4
PSX,2014-12-31,2015-12-31,0.000522037662921,7.78
PVH,2013-02-03,2014-02-02,0.000162615056778,1.77
PVH,2014-02-02,2015-02-01,-0.000216305862139,5.33
PVH,2015-02-01,2016-01-31,-0.00135949611523,6.95
PWR,2012-12-31,2013-12-31,0.000518958187598,1.87
PWR,2013-12-31,2014-12-31,-0.00036778344764,1.35
PWR,2014-12-31,2015-12-31,-0.00113378684807,1.59
PX,2012-12-31,2013-12-31,0.000615082773238,5.94
PX,2013-12-31,2014-12-31,1.83851198137e-06,5.79
PX,2014-12-31,2015-12-31,-0.000841288030073,5.39
PYPL,2014-12-31,2015-12-31,-0.000110258874554,1.0
QCOM,2013-09-29,2014-09-28,0.000458060686547,4.73
QCOM,2014-09-28,2015-09-27,-0.00115017071516,3.26
QCOM,2015-09-27,2016-09-25,0.000774215570582,3.84
QRVO,2014-03-29,2015-03-28,0.00213790368541,2.17
QRVO,2015-03-28,2016-04-02,-0.00147323800398,-0.2
R,2013-12-31,2014-12-31,0.00110405299882,4.14
R,2014-12-31,2015-12-31,-0.0015244320849,5.75
RCL,2012-12-31,2013-12-31,0.00134891473916,2.16
RCL,2013-12-31,2014-12-31,0.00296630588912,3.45
RCL,2014-12-31,2015-12-31,0.00087354223047,3.03
REGN,2013-12-31,2014-12-31,0.00196049876925,3.46
REGN,2014-12-31,2015-12-31,0.00128395490364,6.17
RHI,2013-12-31,2014-12-31,0.00163161734513,2.28
RHI,2014-12-31,2015-12-31,-0.000736334741175,2.72
RHT,2013-02-28,2014-02-28,0.000570080666239,0.94
RHT,2014-02-28,2015-02-28,0.000741030673873,0.97
RHT,2015-02-28,2016-02-29,-0.000245523936701,1.09
RL,2013-03-30,2014-03-29,-0.000202517669737,8.55
RL,2014-03-29,2015-03-28,-0.000735515485867,7.96
RL,2015-03-28,2016-04-02,-0.00103798383109,4.65
ROK,2013-09-30,2014-09-30,7.05728024557e-05,5.98
ROK,2014-09-30,2015-09-30,-0.000287307466673,6.15
ROK,2015-09-30,2016-09-30,0.000865658128011,5.6
ROP,2012-12-31,2013-12-31,0.000838851361222,5.43
ROP,2013-12-31,2014-12-31,0.000525058044778,6.47
ROP,2014-12-31,2015-12-31,0.000840422553905,6.92
ROST,2013-02-02,2014-02-01,0.000633751323431,3.93
ROST,2014-02-01,2015-01-31,0.00155785165118,4.47
ROST,2015-01-31,2016-01-30,0.000896576934508,2.53
RRC,2012-12-31,2013-12-31,0.00142358309087,0.71
RRC,2013-12-31,2014-12-31,-0.00137340219726,3.81
RRC,2014-12-31,2015-12-31,-0.00220546099711,-4.29
RSG,2013-12-31,2014-12-31,0.000877687386969,1.54
RSG,2014-12-31,2015-12-31,0.00033451901671,2.14
SBUX,2013-09-29,2014-09-28,-9.31704118495e-05,2.75
SBUX,2014-09-28,2015-09-27,0.00215479300402,1.84
SBUX,2015-09-27,2016-10-02,-0.000114168753922,1.91
SCG,2012-12-31,2013-12-31,1.0172751501e-05,3.4
SCG,2013-12-31,2014-12-31,0.00123884037948,3.79
SCG,2014-12-31,2015-12-31,-2.08820470433e-05,5.22
SCHW,2012-12-31,2013-12-31,0.00287356321839,0.78
SCHW,2013-12-31,2014-12-31,0.000671621758696,0.96
SCHW,2014-12-31,2015-12-31,0.000355856140903,1.04
SE,2012-12-31,2013-12-31,0.00106913760047,1.55
SE,2013-12-31,2014-12-31,0.000128663411705,1.61
SE,2014-12-31,2015-12-31,-0.00137969807235,0.29
SEE,2013-12-31,2014-12-31,0.0010235342284,1.22
SEE,2014-12-31,2015-12-31,0.00017657307865,1.63
SHW,2012-12-31,2013-12-31,0.000679273704118,7.41
SHW,2013-12-31,2014-12-31,0.0017540723112,8.95
SHW,2014-12-31,2015-12-31,-4.2942483276e-05,11.38
SIG,2013-02-02,2014-02-01,0.00106584532076,4.59
SIG,2015-02-02,2016-01-30,-0.000227642276423,5.89
SJM,2013-04-30,2014-04-30,-0.000211023629467,5.42
SJM,2014-04-30,2015-04-30,0.000765717437853,3.33
SJM,2015-04-30,2016-04-30,0.000343648277867,5.77
SLG,2012-12-31,2013-12-31,0.000705815771419,0.39
SLG,2013-12-31,2014-12-31,0.00116657490751,0.59
SLG,2014-12-31,2015-12-31,-0.000272792830452,1.02
SNA,2013-12-31,2015-01-03,0.00101008038893,7.26
SNA,2015-01-03,2016-01-02,0.00111895508592,8.24
SNI,2012-12-31,2013-12-31,0.00180344846012,3.43
SNI,2013-12-31,2014-12-31,-0.000473980994425,3.86
SNI,2014-12-31,2015-12-31,-0.00108324880827,4.68
SO,2012-12-31,2013-12-31,-0.000242010744649,1.88
SO,2013-12-31,2014-12-31,0.00082115279357,2.19
SO,2014-12-31,2015-12-31,-0.000207374671034,2.6
SPG,2012-12-31,2013-12-31,-0.000189721387395,4.24
SPG,2013-12-31,2014-12-31,0.00108261225884,4.52
SPG,2014-12-31,2015-12-31,0.00019483724884,5.88
SPGI,2013-12-31,2014-12-31,0.000573164038177,-0.42
SPGI,2014-12-31,2015-12-31,0.000444000334453,4.26
SPLS,2013-02-02,2014-02-01,-5.08095151278e-05,0.95
SPLS,2014-02-01,2015-01-31,0.00128169461688,0.21
SPLS,2015-01-31,2016-01-30,-0.00191067689094,0.59
SRCL,2012-12-31,2013-12-31,0.000932267511023,3.62
SRCL,2013-12-31,2014-12-31,0.000559590318643,3.84
SRCL,2014-12-31,2015-12-31,-0.000332797995371,3.02
SRE,2012-12-31,2013-12-31,0.000966499206129,4.1
SRE,2013-12-31,2014-12-31,0.0010284076767,4.72
SRE,2014-12-31,2015-12-31,-0.000640075033427,5.43
STI,2012-12-31,2013-12-31,0.00102393443023,2.43
STI,2013-12-31,2014-12-31,0.000584589657331,3.26
STI,2014-12-31,2015-12-31,0.000105553843872,3.62
STT,2013-12-31,2014-12-31,0.000289645423167,4.65
STT,2014-12-31,2015-12-31,-0.000607266807775,4.53
STX,2013-06-28,2014-06-27,0.0010032442693,4.66
STX,2014-06-27,2015-07-03,-0.000598380713778,5.38
STX,2015-07-03,2016-07-01,-0.00194024148792,0.83
SWK,2015-01-03,2016-01-02,0.000540988196377,5.96
SWKS,2013-09-27,2014-10-03,0.00478216837762,2.44
SWKS,2014-10-03,2015-10-02,0.00220633187086,4.21
SWKS,2015-10-02,2016-09-30,-0.000278840849624,5.27
SWN,2012-12-31,2013-12-31,0.000711549506035,2.01
SWN,2013-12-31,2014-12-31,-0.00118864263505,2.63
SYF,2014-12-31,2015-12-31,0.000125185759514,2.66
SYK,2013-12-31,2014-12-31,0.00104749599569,1.36
SYK,2014-12-31,2015-12-31,-4.43307892575e-05,3.82
SYMC,2013-03-29,2014-03-28,-0.000757634458417,1.29
SYMC,2014-03-28,2015-04-03,0.000703015342478,1.27
SYMC,2015-04-03,2016-04-01,-0.000906152979354,3.71
SYY,2013-06-29,2014-06-28,0.000409782548129,1.59
SYY,2014-06-28,2015-06-27,9.78726456453e-05,1.16
SYY,2015-06-27,2016-07-02,0.00137249419875,1.66
T,2012-12-31,2013-12-31,1.81405895692e-05,3.39
T,2013-12-31,2014-12-31,-0.000154415714182,1.19
T,2014-12-31,2015-12-31,6.32672327835e-05,2.37
TAP,2013-12-31,2014-12-31,0.00138694828554,2.78
TAP,2014-12-31,2015-12-31,0.00107775740077,1.94
TDC,2012-12-31,2013-12-31,-0.0011348544425,2.31
TDC,2013-12-31,2014-12-31,-9.31515016022e-05,2.36
TDC,2014-12-31,2015-12-31,-0.0015854978355,-1.53
TDG,2013-09-30,2014-09-30,0.00120918280328,1.91
TDG,2014-09-30,2015-09-30,0.000653397628202,2.5
TDG,2015-09-30,2016-09-30,0.00134734180841,2.77
TEL,2013-09-27,2014-09-26,0.000540133797415,4.34
TEL,2014-09-26,2015-09-25,3.78647159765e-05,5.98
TEL,2015-09-25,2016-09-30,0.000517397706747,5.49
TGNA,2012-12-30,2013-12-29,0.00247980847294,1.7
TGNA,2014-12-31,2015-12-31,-0.000665258493047,2.04
TGT,2013-02-02,2014-02-01,-0.000275643466455,3.1
TGT,2014-02-01,2015-01-31,0.0013086079073,-2.58
TGT,2015-01-31,2016-01-30,-9.81931935557e-05,5.35
TIF,2013-01-31,2014-01-31,0.00112853576227,1.42
TIF,2014-01-31,2015-01-31,0.000283731651714,3.75
TIF,2015-01-31,2016-01-31,-0.00106461217565,3.61
TJX,2013-02-02,2014-02-01,0.00106734850731,3.0
TJX,2014-02-01,2015-01-31,0.000687151795028,3.2
TJX,2015-01-31,2016-01-30,0.000324797349568,3.38
TMK,2012-12-31,2013-12-31,0.00193315564337,5.76
TMK,2013-12-31,2014-12-31,0.000196029547361,4.15
TMK,2014-12-31,2015-12-31,0.000219807272983,4.21
TMO,2012-12-31,2013-12-31,0.00282967020757,3.53
TMO,2013-12-31,2014-12-31,0.000566841874636,4.76
TMO,2014-12-31,2015-12-31,0.00042525891946,4.96
TRIP,2012-12-31,2013-12-31,0.00347491822665,1.44
TRIP,2013-12-31,2014-12-31,-0.000286968604201,1.58
TRIP,2014-12-31,2015-12-31,0.000567121671043,1.38
TRV,2013-12-31,2014-12-31,0.000733858034421,10.82
TRV,2014-12-31,2015-12-31,0.000279253034121,10.99
TSCO,2012-12-29,2013-12-28,0.0028279818837,2.35
TSCO,2013-12-28,2014-12-27,8.83254301953e-05,2.69
TSCO,2014-12-27,2015-12-26,0.000353396216764,3.03
TSO,2012-12-31,2013-12-31,0.00114502459818,3.05
TSO,2013-12-31,2014-12-31,0.00112214768277,6.56
TSO,2014-12-31,2015-12-31,0.00156995705876,12.5
TSS,2012-12-31,2013-12-31,0.00195387580831,1.3
TSS,2013-12-31,2014-12-31,0.000141593445098,1.73
TSS,2014-12-31,2015-12-31,0.00181515414464,1.98
TXN,2012-12-31,2013-12-31,0.00142469020857,1.94
TXN,2013-12-31,2014-12-31,0.0009547751152,2.61
TXN,2014-12-31,2015-12-31,9.86870184374e-05,2.86
TXT,2012-12-29,2013-12-28,0.0018996220882,1.78
TXT,2013-12-28,2015-01-03,0.000617891739732,2.15
TXT,2015-01-03,2016-01-02,6.26119298709e-05,2.52
UAL,2012-12-31,2013-12-31,0.00223757692673,1.64
UAL,2013-12-31,2014-12-31,0.00306690383636,3.05
UAL,2014-12-31,2015-12-31,-0.0005407447412,19.52
UDR,2012-12-31,2013-12-31,-9.45612358656e-05,0.16
UDR,2013-12-31,2014-12-31,0.00128750827075,0.6
UDR,2014-12-31,2015-12-31,0.000784289762532,1.3
UHS,2012-12-31,2013-12-31,0.00252118720474,5.21
UHS,2013-12-31,2014-12-31,0.0015081529781,5.52
UHS,2014-12-31,2015-12-31,0.000304672538525,6.89
ULTA,2014-02-02,2015-01-31,0.00227898139362,4.0
UNH,2013-12-31,2014-12-31,0.00141126564792,5.78
UNH,2014-12-31,2015-12-31,0.000663869444023,6.1
UNM,2012-12-31,2013-12-31,0.0025185290527,3.24
UNM,2013-12-31,2014-12-31,6.35751700302e-05,1.62
UNM,2014-12-31,2015-12-31,-0.000165629588111,3.51
UNP,2013-12-31,2014-12-31,0.00168955323065,5.77
UNP,2014-12-31,2015-12-31,-0.00135196996356,5.51
UPS,2012-12-31,2013-12-31,0.00149609075523,4.65
UPS,2013-12-31,2014-12-31,0.000301498119573,3.31
UPS,2014-12-31,2015-12-31,-0.000508704216048,5.38
URBN,2013-01-31,2014-01-31,-0.000689295174695,1.92
URBN,2014-01-31,2015-01-31,6.7408547481e-05,1.7
URBN,2015-01-31,2016-01-31,-0.00139000065179,1.79
UTX,2013-12-31,2014-12-31,8.85440979102e-05,6.92
UTX,2014-12-31,2015-12-31,-0.000654361796694,8.72
VAR,2013-09-27,2014-09-26,0.000328939760951,3.88
VAR,2014-09-26,2015-10-02,-0.000289119997982,4.13
VAR,2015-10-02,2016-09-30,0.00122800053118,4.22
VFC,2013-12-31,2015-01-03,0.000721068297301,2.42
VFC,2015-01-03,2016-01-02,-0.000593197303697,2.9
VIAB,2013-09-30,2014-09-30,-0.00034774571481,5.53
VIAB,2014-09-30,2015-09-30,-0.00169186252462,4.78
VIAB,2015-09-30,2016-09-30,-0.000436508688096,3.63
VLO,2012-12-31,2013-12-31,0.0021986020591,4.99
VLO,2013-12-31,2014-12-31,-2.94415486152e-05,6.88
VLO,2014-12-31,2015-12-31,0.00160574750427,8.0
VMC,2012-12-31,2013-12-31,0.000408019945645,0.19
VMC,2013-12-31,2014-12-31,0.000476758731782,1.56
VMC,2014-12-31,2015-12-31,0.00165827733144,1.66
VNO,2013-12-31,2014-12-31,0.00130141262857,4.18
VNO,2014-12-31,2015-12-31,-0.000299660463829,3.61
VRSK,2012-12-31,2013-12-31,0.000954238571608,2.07
VRSK,2013-12-31,2014-12-31,-6.52031871994e-05,2.41
VRSK,2014-12-31,2015-12-31,0.000800846366364,3.07
VRSN,2012-12-31,2013-12-31,0.00198462508218,3.77
VRSN,2013-12-31,2014-12-31,-0.000199668893438,2.8
VRSN,2014-12-31,2015-12-31,0.00209341199951,3.29
VRTX,2012-12-31,2013-12-31,0.00278641426168,-1.98
VRTX,2013-12-31,2014-12-31,0.00241707138137,-3.14
VRTX,2014-12-31,2015-12-31,8.89931655878e-05,-2.31
VTR,2013-12-31,2014-12-31,0.00103920463117,1.62
VTR,2014-12-31,2015-12-31,-0.0009137105562,1.26
VZ,2012-12-31,2013-12-31,0.000436534738133,4.01
VZ,2013-12-31,2014-12-31,-0.000179786281179,2.42
VZ,2014-12-31,2015-12-31,-6.253194341e-05,4.38
WAT,2014-12-31,2015-12-31,0.000721310846049,5.7
WDC,2013-06-28,2014-06-27,0.00188525950286,6.88
WDC,2014-06-27,2015-07-03,-0.000485628688569,6.31
WDC,2015-07-03,2016-07-01,-0.00165799631512,1.01
WEC,2012-12-31,2013-12-31,0.000387763531683,2.54
WEC,2013-12-31,2014-12-31,0.00117011387418,2.61
WEC,2014-12-31,2015-12-31,-0.000140257748901,2.36
WFC,2012-12-31,2013-12-31,0.00117179576742,3.95
WFC,2013-12-31,2014-12-31,0.000863813613703,4.17
WFC,2014-12-31,2015-12-31,-2.46655635199e-05,4.18
WFM,2013-09-29,2014-09-28,-0.00141859924405,1.57
WFM,2014-09-28,2015-09-27,-0.000685225108937,1.49
WFM,2015-09-27,2016-09-25,-0.000288925598419,1.55
WHR,2013-12-31,2014-12-31,0.000959064807482,8.3
WHR,2014-12-31,2015-12-31,-0.000948630862849,9.95
WM,2013-12-31,2014-12-31,0.000639229946753,2.8
WM,2014-12-31,2015-12-31,0.000124223525803,1.66
WMB,2012-12-31,2013-12-31,0.000529411622496,0.63
WMB,2013-12-31,2014-12-31,0.000690401570506,2.94
WMB,2014-12-31,2015-12-31,-0.00171296585023,-0.76
WMT,2013-01-31,2014-01-31,0.000235877323525,4.9
WMT,2014-01-31,2015-01-31,0.000675525167251,5.07
WMT,2015-01-31,2016-01-31,-0.000899447280334,4.58
WRK,2014-09-30,2015-09-30,-0.00273025409461,2.97
WRK,2015-09-30,2016-09-30,-0.000267558528428,-1.56
WU,2012-12-31,2013-12-31,0.00100648301956,1.43
WU,2013-12-31,2014-12-31,0.000205053395112,1.6
WU,2014-12-31,2015-12-31,-4.42638479448e-06,1.63
WY,2012-12-31,2013-12-31,0.000329439952081,0.95
WY,2013-12-31,2014-12-31,0.000586291313242,3.2
WY,2014-12-31,2015-12-31,-0.000673647192468,0.89
WYN,2012-12-31,2013-12-31,0.0013349859331,3.25
WYN,2013-12-31,2014-12-31,0.000660656289373,4.22
WYN,2014-12-31,2015-12-31,-0.000592054622823,5.18
WYNN,2012-12-31,2013-12-31,0.00255901486339,7.25
WYNN,2013-12-31,2014-12-31,-0.00098594905509,7.25
WYNN,2014-12-31,2015-12-31,-0.00209907633963,1.93
XEC,2012-12-31,2013-12-31,0.003178690919,6.48
XEC,2013-12-31,2014-12-31,0.000216335498406,5.79
XEC,2014-12-31,2015-12-31,-0.00064974220054,-25.92
XEL,2012-12-31,2013-12-31,8.11625361539e-05,1.91
XEL,2013-12-31,2014-12-31,0.0012131227894,2.03
XEL,2014-12-31,2015-12-31,-2.30711347771e-05,1.94
XL,2012-12-31,2013-12-31,0.00101987103566,3.68
XL,2013-12-31,2014-12-31,0.000396190349206,0.71
XL,2014-12-31,2015-12-31,0.000544842866669,4.22
XLNX,2013-03-30,2014-03-29,0.00170640160416,2.37
XLNX,2014-03-29,2015-03-28,-0.000877272190031,2.44
XLNX,2015-03-28,2016-04-02,0.000453902181304,2.14
XOM,2012-12-31,2013-12-31,0.000558713613862,7.37
XOM,2013-12-31,2014-12-31,-0.000290408680431,7.6
XOM,2014-12-31,2015-12-31,-0.000636083567992,3.85
XRAY,2012-12-31,2013-12-31,0.000779548410348,2.2
XRAY,2013-12-31,2014-12-31,0.00043935431566,2.28
XRAY,2014-12-31,2015-12-31,0.000681625601007,1.79
XRX,2012-12-31,2013-12-31,0.00274852639248,0.93
XRX,2013-12-31,2014-12-31,0.000649714125785,0.82
XRX,2014-12-31,2015-12-31,-0.000900432900433,0.42
XYL,2012-12-31,2013-12-31,0.00102453073593,1.23
XYL,2013-12-31,2014-12-31,0.000454211739341,1.84
XYL,2014-12-31,2015-12-31,-0.00016464939278,1.88
YHOO,2012-12-31,2013-12-31,0.00402358798931,1.3
YHOO,2013-12-31,2014-12-31,0.00109455229595,7.61
YHOO,2014-12-31,2015-12-31,-0.00133751599119,-4.64
YUM,2012-12-29,2013-12-28,0.000448207031056,2.41
YUM,2013-12-28,2014-12-27,-9.46561325425e-05,2.37
YUM,2014-12-27,2015-12-26,2.38309949997e-05,2.97
ZBH,2012-12-31,2013-12-31,0.00149410366284,4.49
ZBH,2013-12-31,2014-12-31,0.000911184094427,4.26
ZBH,2014-12-31,2015-12-31,-0.000352451737209,0.78
ZION,2012-12-31,2013-12-31,0.00143824375438,1.58
ZION,2013-12-31,2014-12-31,-0.000152573677026,1.68
ZION,2014-12-31,2015-12-31,-0.000138868123938,1.2
ZTS,2013-12-31,2014-12-31,0.0013084443942,1.16
ZTS,2014-12-31,2015-12-31,0.000422388327557,0.68
